accountPhone,password,accountName
0900000001,LoadTest@123,LTUser001
0900000002,LoadTest@123,LTUser002
0900000003,LoadTest@123,LTUser003
0900000004,LoadTest@123,LTUser004
0900000005,LoadTest@123,LTUser005
0900000006,LoadTest@123,LTUser006
0900000007,LoadTest@123,LTUser007
0900000008,LoadTest@123,LTUser008
0900000009,LoadTest@123,LTUser009
0900000010,LoadTest@123,LTUser010
0900000011,LoadTest@123,LTUser011
0900000012,LoadTest@123,LTUser012
0900000013,LoadTest@123,LTUser013
0900000014,LoadTest@123,LTUser014
0900000015,LoadTest@123,LTUser015
0900000016,LoadTest@123,LTUser016
0900000017,LoadTest@123,LTUser017
0900000018,LoadTest@123,LTUser018
0900000019,LoadTest@123,LTUser019
0900000020,LoadTest@123,LTUser020
0900000021,LoadTest@123,LTUser021
0900000022,LoadTest@123,LTUser022
0900000023,LoadTest@123,LTUser023
0900000024,LoadTest@123,LTUser024
0900000025,LoadTest@123,LTUser025
0900000026,LoadTest@123,LTUser026
0900000027,LoadTest@123,LTUser027
0900000028,LoadTest@123,LTUser028
0900000029,LoadTest@123,LTUser029
0900000030,LoadTest@123,LTUser030
0900000031,LoadTest@123,LTUser031
0900000032,LoadTest@123,LTUser032
0900000033,LoadTest@123,LTUser033
0900000034,LoadTest@123,LTUser034
0900000035,LoadTest@123,LTUser035
0900000036,LoadTest@123,LTUser036
0900000037,LoadTest@123,LTUser037
0900000038,LoadTest@123,LTUser038
0900000039,LoadTest@123,LTUser039
0900000040,LoadTest@123,LTUser040
0900000041,LoadTest@123,LTUser041
0900000042,LoadTest@123,LTUser042
0900000043,LoadTest@123,LTUser043
0900000044,LoadTest@123,LTUser044
0900000045,LoadTest@123,LTUser045
0900000046,LoadTest@123,LTUser046
0900000047,LoadTest@123,LTUser047
0900000048,LoadTest@123,LTUser048
0900000049,LoadTest@123,LTUser049
0900000050,LoadTest@123,LTUser050
0900000051,LoadTest@123,LTUser051
0900000052,LoadTest@123,LTUser052
0900000053,LoadTest@123,LTUser053
0900000054,LoadTest@123,LTUser054
0900000055,LoadTest@123,LTUser055
0900000056,LoadTest@123,LTUser056
0900000057,LoadTest@123,LTUser057
0900000058,LoadTest@123,LTUser058
0900000059,LoadTest@123,LTUser059
0900000060,LoadTest@123,LTUser060
0900000061,LoadTest@123,LTUser061
0900000062,LoadTest@123,LTUser062
0900000063,LoadTest@123,LTUser063
0900000064,LoadTest@123,LTUser064
0900000065,LoadTest@123,LTUser065
0900000066,LoadTest@123,LTUser066
0900000067,LoadTest@123,LTUser067
0900000068,LoadTest@123,LTUser068
0900000069,LoadTest@123,LTUser069
0900000070,LoadTest@123,LTUser070
0900000071,LoadTest@123,LTUser071
0900000072,LoadTest@123,LTUser072
0900000073,LoadTest@123,LTUser073
0900000074,LoadTest@123,LTUser074
0900000075,LoadTest@123,LTUser075
0900000076,LoadTest@123,LTUser076
0900000077,LoadTest@123,LTUser077
0900000078,LoadTest@123,LTUser078
0900000079,LoadTest@123,LTUser079
0900000080,LoadTest@123,LTUser080
0900000081,LoadTest@123,LTUser081
0900000082,LoadTest@123,LTUser082
0900000083,LoadTest@123,LTUser083
0900000084,LoadTest@123,LTUser084
0900000085,LoadTest@123,LTUser085
0900000086,LoadTest@123,LTUser086
0900000087,LoadTest@123,LTUser087
0900000088,LoadTest@123,LTUser088
0900000089,LoadTest@123,LTUser089
0900000090,LoadTest@123,LTUser090
0900000091,LoadTest@123,LTUser091
0900000092,LoadTest@123,LTUser092
0900000093,LoadTest@123,LTUser093
0900000094,LoadTest@123,LTUser094
0900000095,LoadTest@123,LTUser095
0900000096,LoadTest@123,LTUser096
0900000097,LoadTest@123,LTUser097
0900000098,LoadTest@123,LTUser098
0900000099,LoadTest@123,LTUser099
0900000100,LoadTest@123,LTUser100
