keywords,intent
Táo,PRODUCT_ADVICE
Xoài,PRODUCT_ADVICE
Chuối,PRODUCT_ADVICE
Cam,PRODUCT_ADVICE
Dưa hấu,PRODUCT_ADVICE
Nho,PRODUCT_ADVICE
Ổi,PRODUCT_ADVICE
Dứa,PRODUCT_ADVICE
Thanh long,PRODUCT_ADVICE
Bưởi,PRODUCT_ADVICE
Lê,PRODUCT_ADVICE
Mận,PRODUCT_ADVICE
Mít,PRODUCT_ADVICE
Sầu riêng,PRODUCT_ADVICE
Chôm chôm,PRODUCT_ADVICE
Quýt,PRODUCT_ADVICE
Chanh,PRODUCT_ADVICE
Đào,PRODUCT_ADVICE
Lựu,PRODUCT_ADVICE
Kiwi,PRODUCT_ADVICE
trái cây tươi,GENERAL
hoa quả nhập khẩu,GENERAL
hoa quả bổ dưỡng,GENERAL
hoa quả cho trẻ em,GENERAL
hoa quả vitamin C,GENERAL
