accountPhone,password,orderId,orderItemId,productId,paymentId,refundAmount
0900000081,LoadTest@123,lt-ord-081,lt-oi-081-1,lt-prod-001,lt-pay-081,85000
0900000082,LoadTest@123,lt-ord-082,lt-oi-082-1,lt-prod-003,lt-pay-082,70000
0900000083,LoadTest@123,lt-ord-083,lt-oi-083-1,lt-prod-005,lt-pay-083,75000
0900000084,LoadTest@123,lt-ord-084,lt-oi-084-1,lt-prod-007,lt-pay-084,90000
0900000085,LoadTest@123,lt-ord-085,lt-oi-085-1,lt-prod-009,lt-pay-085,70000
0900000086,LoadTest@123,lt-ord-086,lt-oi-086-1,lt-prod-011,lt-pay-086,120000
0900000087,LoadTest@123,lt-ord-087,lt-oi-087-1,lt-prod-013,lt-pay-087,90000
0900000088,LoadTest@123,lt-ord-088,lt-oi-088-1,lt-prod-015,lt-pay-088,120000
0900000089,LoadTest@123,lt-ord-089,lt-oi-089-1,lt-prod-017,lt-pay-089,70000
0900000090,LoadTest@123,lt-ord-090,lt-oi-090-1,lt-prod-019,lt-pay-090,130000
0900000091,LoadTest@123,lt-ord-091,lt-oi-091-1,lt-prod-021,lt-pay-091,90000
0900000092,LoadTest@123,lt-ord-092,lt-oi-092-1,lt-prod-023,lt-pay-092,60000
0900000093,LoadTest@123,lt-ord-093,lt-oi-093-1,lt-prod-025,lt-pay-093,70000
0900000094,LoadTest@123,lt-ord-094,lt-oi-094-1,lt-prod-027,lt-pay-094,40000
0900000095,LoadTest@123,lt-ord-095,lt-oi-095-1,lt-prod-029,lt-pay-095,140000
0900000096,LoadTest@123,lt-ord-096,lt-oi-096-1,lt-prod-031,lt-pay-096,85000
0900000097,LoadTest@123,lt-ord-097,lt-oi-097-1,lt-prod-033,lt-pay-097,80000
0900000098,LoadTest@123,lt-ord-098,lt-oi-098-1,lt-prod-035,lt-pay-098,84000
0900000099,LoadTest@123,lt-ord-099,lt-oi-099-1,lt-prod-037,lt-pay-099,130000
0900000100,LoadTest@123,lt-ord-100,lt-oi-100-1,lt-prod-039,lt-pay-100,135000
